"OperatingSystem","OperatingSystemServicePack","OperatingSystemVersion"
"Azure Stack HCI","","10 (20349)"
"Azure Stack HCI","","10.0 (20349)"
"CentOS","CentrifyDC 4.5.0-357:N:CDC","4.7 (Final)"
"CentOS","CentrifyDC 4.6.0-118:N:CDC","5.8 (Final)"
"CentOS","CentrifyDC 4.6.0-124:N:CDC","6"
"CentOS","CentrifyDC 5.1.3-482:W:CDC","6.1:6.2 (Final)"
"CentOS","CentrifyDC 5.3.1-398:E:CDC","6.1:7.2"
"CentOS","CentrifyDC 5.3.1-398:W:CDC","6.1:6.4"
"CentOS","CentrifyDC 5.3.1-398:W:CDC","6.1:7.5"
"CentOS","CentrifyDC 5.3.1-398:W:CDC","6.1:7.9"
"CentOS Linux","CentrifyDC 5.1.3-482:W:CDC","6.1:7.2.1511 (Core) "
"Cisco Identity Services Engine","","1.3.0.876"
"Cisco Identity Services Engine","","1.4.0.253"
"Cisco Identity Services Engine","","2.1.0.474"
"Cisco Identity Services Engine","","2.2.0.470"
"Cisco Identity Services Engine","","2.3.0.298"
"Cisco Identity Services Engine","","2.4.0.357"
"Cisco Identity Services Engine","","2.6.0.156"
"Cisco Identity Services Engine","","2.6.0.156"
"Cisco Identity Services Engine","","2.7.0.356"
"Cisco Identity Services Engine","","3.1.0.518"
"Cohesity","","6.3 (9600)"
"Debian","Likewise Identity 5.4.0.","5.0.4"
"Debian","PBIS Open 9.1.551.551.2a86f3462bd6c028323d76ae62a0a6ebbfa66bdc","10.2"
"EMC Celerra File Server","",""
"EMC File Server","",""
"EnterpriseEnterpriseServer","CentrifyDC 5.0.2-388:W:CDC","5.5 (Carthage)"
"EnterpriseEnterpriseServer","CentrifyDC 5.0.2-388:W:CDC","5.8 (Carthage)"
"EnterpriseEnterpriseServer","CentrifyDC 5.1.0-497:E:CDC","5.11 (Carthage)"
"EnterpriseEnterpriseServer","CentrifyDC 5.1.0-497:W:CDC","5.11 (Carthage)"
"EnterpriseEnterpriseServer","CentrifyDC 5.1.0-497:W:CDC","5.4 (Carthage)"
"EnterpriseEnterpriseServer","CentrifyDC 5.1.0-497:W:CDC","5.5 (Carthage)"
"EnterpriseEnterpriseServer","CentrifyDC 5.1.0-497:W:CDC","5.7 (Carthage)"
"EnterpriseEnterpriseServer","CentrifyDC 5.1.0-497:W:CDC","5.9 (Carthage)"
"EnterpriseEnterpriseServer","CentrifyDC 5.1.2-378:W:CDC","5.11 (Carthage)"
"EnterpriseEnterpriseServer","CentrifyDC 5.1.2-378:W:CDC","5.5 (Carthage)"
"EnterpriseEnterpriseServer","CentrifyDC 5.1.2-378:W:CDC","5.8 (Carthage)"
"EnterpriseEnterpriseServer","CentrifyDC 5.1.3-482:W:CDC","6"
"EnterpriseEnterpriseServer","CentrifyDC 5.1.3-482:W:CDC","6.1:5.11 (Carthage)"
"GNU/Linux","","Linux 5.10.0-9-amd64 #1 SMP Debian 5.10.70-1 (2021-09-30)"
"GNU/Linux","","Linux 5.4.0-70-generic #78-Ubuntu SMP Fri Mar 19 13:29:52 UTC 2021"
"HDS NAS OS","","13.3.4633.02"
"Hyper-V Server","","10.0 (17763)"
"Hyper-V Server","","6.1 (7600)"
"Hyper-V Server 2012 R2","","6.3 (9600)"
"Junos Pulse Access Control Service","Samba 3.5.14","4.4.0-20957(2002)"
"Junos Pulse Access Control Service","Samba 3.5.21","5.0.3-25137(2101)"
"Linux","",""
"Linux","#1 SMP Thu Jun 22 11:57:10 MDT 2017","2.6.32-573.26.1.el6.hpsp.centos.43217.x86_64"
"Linux","#1 SMP Wed Oct 11 21:05:23 MDT 2017","2.6.32-573.26.1.el6.hpsp.centos.45915.x86_64"
"Linux","CentrifyDC 4.3.0-192:N:CDC","2.6.18.8-ADEVM"
"Linux","CentrifyDC 4.5.0-357:N:CDC","2.6.18.8-ADE"
"Linux","CentrifyDC 4.6.0-113:N:CDC","2.6.18-348.4.1.el5"
"Linux","CentrifyDC 4.6.0-114:N:CDC","2.6.18-274.17.1.el5PAE"
"Linux","CentrifyDC 4.6.0-118:N:CDC","2.6.18-308.el5PAE"
"Linux","CentrifyDC 4.6.0-121:N:CDC","6"
"Linux","CentrifyDC 4.6.0-124:N:CDC","2.6.18-308.el5PAE"
"Linux","CentrifyDC 4.6.0-124:N:CDC","6"
"Linux","CentrifyDC 5.1.0-497:W:CDC","2.6.32-754.11.1.el6.x86_64"
"Linux","CentrifyDC 5.1.0-497:W:CDC","2.6.32-754.el6.x86_64"
"Mac OS X","","10.1"
"Mac OS X","","10.10 (1021)"
"Mac OS X","","10.10 (109)"
"Mac OS X","","10.10 (136)"
"Mac OS X","","10.10 (1605)"
"Mac OS X","","10.10 (1909)"
"Mac OS X","","10.10 (1912)"
"Mac OS X","","10.10 (2109)"
"Mac OS X","","10.10 (25)"
"Mac OS X","","10.10 (2511)"
"Mac OS X","","10.10 (46)"
"Mac OS X","","10.10 (7)"
"Mac OS X","","10.10.1"
"Mac OS X","","10.10.2"
"Mac OS X","","10.10.3"
"Mac OS X","","10.10.4"
"Mac OS X","","10.10.5"
"Mac OS X","","10.11"
"Mac OS X","","10.11 (1004)"
"Mac OS X","","10.11 (1108)"
"Mac OS X","","10.11 (1421)"
"Mac OS X","","10.11 (1510)"
"Mac OS X","","10.11 (21)"
"Mac OS X","","10.11 (22010)"
"Mac OS X","","10.11 (31)"
"Mac OS X","","10.11 (50)"
"Mac OS X","","10.11.1"
"Mac OS X","","10.11.2"
"Mac OS X","","10.11.3"
"Mac OS X","","10.11.4"
"Mac OS X","","10.11.5"
"Mac OS X","","10.11.6"
"Mac OS X","","10.12"
"Mac OS X","","10.12 (1036)"
"Mac OS X","","10.12 (1114)"
"Mac OS X","","10.12 (1212)"
"Mac OS X","","10.12 (1408)"
"Mac OS X","","10.12 (1510)"
"Mac OS X","","10.12 (2136)"
"Mac OS X","","10.12 (2555)"
"Mac OS X","","10.12 (2657)"
"Mac OS X","","10.12 (29)"
"Mac OS X","","10.12 (30)"
"Mac OS X","","10.12 (32)"
"Mac OS X","","10.12 (323)"
"Mac OS X","","10.12 (67)"
"Mac OS X","","10.12 (68)"
"Mac OS X","","10.12 (73)"
"Mac OS X","","10.12.1"
"Mac OS X","","10.12.2"
"Mac OS X","","10.12.3"
"Mac OS X","","10.12.4"
"Mac OS X","","10.12.5"
"Mac OS X","","10.12.6"
"Mac OS X","","10.13"
"Mac OS X","","10.13 (10021)"
"Mac OS X","","10.13 (1003)"
"Mac OS X","","10.13 (102)"
"Mac OS X","","10.13 (13035)"
"Mac OS X","","10.13 (14042)"
"Mac OS X","","10.13 (199)"
"Mac OS X","","10.13 (202)"
"Mac OS X","","10.13 (205)"
"Mac OS X","","10.13 (2112)"
"Mac OS X","","10.13 (3025)"
"Mac OS X","","10.13 (4015)"
"Mac OS X","","10.13 (47)"
"Mac OS X","","10.13 (65)"
"Mac OS X","","10.13 (66)"
"Mac OS X","","10.13 (7024)"
"Mac OS X","","10.13 (9016)"
"Mac OS X","","10.13.1"
"Mac OS X","","10.13.2"
"Mac OS X","","10.13.3"
"Mac OS X","","10.13.4"
"Mac OS X","","10.13.5"
"Mac OS X","","10.13.6"
"Mac OS X","","10.14"
"Mac OS X","","10.14 (1012)"
"Mac OS X","","10.14 (103)"
"Mac OS X","","10.14 (109)"
"Mac OS X","","10.14 (132)"
"Mac OS X","","10.14 (226)"
"Mac OS X","","10.14 (3020)"
"Mac OS X","","10.14 (391)"
"Mac OS X","","10.14 (42)"
"Mac OS X","","10.14 (5033)"
"Mac OS X","","10.14 (6032)"
"Mac OS X","","10.14 (75)"
"Mac OS X","","10.14 (84)"
"Mac OS X","","10.14 (87)"
"Mac OS X","","10.14 (9216)"
"Mac OS X","","10.14 (9323)"
"Mac OS X","","10.14.1"
"Mac OS X","","10.14.2"
"Mac OS X","","10.14.3"
"Mac OS X","","10.14.4"
"Mac OS X","","10.14.5"
"Mac OS X","","10.14.6"
"Mac OS X","","10.15"
"Mac OS X","","10.15 (101)"
"Mac OS X","","10.15 (114)"
"Mac OS X","","10.15 (15)"
"Mac OS X","","10.15 (1824)"
"Mac OS X","","10.15 (2)"
"Mac OS X","","10.15 (2021)"
"Mac OS X","","10.15 (524)"
"Mac OS X","","10.15 (57)"
"Mac OS X","","10.15 (73)"
"Mac OS X","","10.15 (76)"
"Mac OS X","","10.15 (88)"
"Mac OS X","","10.15.1"
"Mac OS X","","10.15.2"
"Mac OS X","","10.15.3"
"Mac OS X","","10.15.4"
"Mac OS X","","10.15.5"
"Mac OS X","","10.15.6"
"Mac OS X","","10.15.7"
"Mac OS X","","10.7"
"Mac OS X","","10.7 (50)"
"Mac OS X","","10.7.2"
"Mac OS X","","10.7.3"
"Mac OS X","","10.7.5"
"Mac OS X","","10.8"
"Mac OS X","","10.8 (2560)"
"Mac OS X","","10.8 (45)"
"Mac OS X","","10.8 (78)"
"Mac OS X","","10.8.2"
"Mac OS X","","10.8.3"
"Mac OS X","","10.8.4"
"Mac OS X","","10.8.5"
"Mac OS X","","10.9"
"Mac OS X","","10.9 (1021)"
"Mac OS X","","10.9 (1066)"
"Mac OS X","","10.9 (1077)"
"Mac OS X","","10.9 (1096)"
"Mac OS X","","10.9 (1112)"
"Mac OS X","","10.9 (1134)"
"Mac OS X","","10.9 (1507)"
"Mac OS X","","10.9 (1712)"
"Mac OS X","","10.9 (1808)"
"Mac OS X","","10.9 (1911)"
"Mac OS X","","10.9 (28)"
"Mac OS X","","10.9 (34)"
"Mac OS X","","10.9.1"
"Mac OS X","","10.9.2"
"Mac OS X","","10.9.3"
"Mac OS X","","10.9.4"
"Mac OS X","","10.9.5"
"macOS","","11.0 (50)"
"macOS","","11.0.1"
"macOS","","11.1"
"macOS","","11.2"
"macOS","","11.2 (64)"
"macOS","","11.2 (80)"
"macOS","","11.2 (91)"
"macOS","","11.2.1"
"macOS","","11.2.2"
"macOS","","11.2.3"
"macOS","","11.3"
"macOS","","11.3 (232)"
"macOS","","11.3 (241)"
"macOS","","11.3.1"
"macOS","","11.4"
"macOS","","11.4 (71)"
"macOS","","11.5"
"macOS","","11.5 (80)"
"macOS","","11.5 (95)"
"macOS","","11.5.1"
"macOS","","11.5.2"
"macOS","","11.6"
"macOS","","11.6 (165)"
"macOS","","11.6 (224)"
"macOS","","11.6 (314)"
"macOS","","11.6 (527)"
"macOS","","11.6.1"
"macOS","","11.6.2"
"macOS","","11.6.5"
"macOS","","11.6.8"
"macOS","","11.7 (817)"
"macOS","","11.7.1"
"macOS","","12"
"macOS","","12.0 (559)"
"macOS","","12.0.1"
"macOS","","12.1"
"macOS","","12.1 (52)"
"macOS","","12.2"
"macOS","","12.2 (62)"
"macOS","","12.2.1"
"macOS","","12.3"
"macOS","","12.3 (230)"
"macOS","","12.3 (258)"
"macOS","","12.3.1"
"macOS","","12.4"
"macOS","","12.4 (79)"
"macOS","","12.5"
"macOS","","12.5 (72)"
"macOS","","12.5 (83)"
"macOS","","12.5.1"
"macOS","","12.6"
"macOS","","12.6 (115)"
"macOS","","12.6 (419)"
"macOS","","12.6 (526)"
"macOS","","12.6.1"
"macOS","","12.6.2"
"macOS","","12.6.3"
"macOS","","13"
"macOS","","13.0 (380)"
"macOS","","13.0 (400)"
"macOS","","13.0 (5295)"
"macOS","","13.0 (8380)"
"macOS","","13.0.1"
"macOS","","13.1"
"macOS","","13.1 (65)"
"macOS","","13.2"
"macOS","","13.2 (49)"
"macOS","","13.2 (68)"
"macOS","","13.2.1"
"macOS","","13.3"
"macOS","","13.3 (252)"
"macOS","","13.3.1"
"NetApp Release 8.3","",""
"NetApp Release 8.3.1P1","",""
"NetApp Release 8.3.1P2","",""
"NetApp Release 8.3.2","",""
"NetApp Release 8.3.2P1","",""
"NetApp Release 8.3.2P2","",""
"NetApp Release 8.3.2P5","",""
"NetApp Release 8.3.2P7","",""
"NetApp Release 8.3.2P9","",""
"NetApp Release 8.3P2","",""
"NetApp Release 8.3RC1","",""
"NetApp Release 9.0P2","",""
"NetApp Release 9.0P4","",""
"NetApp Release 9.1","",""
"NetApp Release 9.10.1","",""
"NetApp Release 9.10.1P1","",""
"NetApp Release 9.10.1P3","",""
"NetApp Release 9.10.1P8","",""
"NetApp Release 9.11.1P3","",""
"NetApp Release 9.11.1P6","",""
"NetApp Release 9.1P1","",""
"NetApp Release 9.1P13","",""
"NetApp Release 9.1P16","",""
"NetApp Release 9.1P2","",""
"NetApp Release 9.1P3","",""
"NetApp Release 9.1P5","",""
"NetApp Release 9.1P6","",""
"NetApp Release 9.1P7","",""
"NetApp Release 9.1P8","",""
"NetApp Release 9.1P9","",""
"NetApp Release 9.2","",""
"NetApp Release 9.2P1","",""
"NetApp Release 9.2P2","",""
"NetApp Release 9.2P4","",""
"NetApp Release 9.3","",""
"NetApp Release 9.3P14","",""
"NetApp Release 9.3P17","",""
"NetApp Release 9.3P2","",""
"NetApp Release 9.3P3","",""
"NetApp Release 9.3P4","",""
"NetApp Release 9.3P5","",""
"NetApp Release 9.3P6","",""
"NetApp Release 9.4P1","",""
"NetApp Release 9.5P10","",""
"NetApp Release 9.5P13","",""
"NetApp Release 9.5P14","",""
"NetApp Release 9.5P3","",""
"NetApp Release 9.5P8","",""
"NetApp Release 9.6P3","",""
"NetApp Release 9.6P5","",""
"NetApp Release 9.6RC1","",""
"NetApp Release 9.7P12","",""
"NetApp Release 9.7P4","",""
"NetApp Release 9.7P5","",""
"NetApp Release 9.7P6","",""
"NetApp Release 9.8P15","",""
"NetApp Release 9.8P4","",""
"NetApp Release 9.8P5","",""
"NetApp Release 9.8P9","",""
"NetApp Release 9.9.1","",""
"NetApp Release 9.9.1P10","",""
"NetApp Release 9.9.1P2","",""
"NetApp Release 9.9.1P7","",""
"Nutanix Files","",""
"OneFS","","9.2.1.0"
"OneFS","","v7.0.2.8"
"OneFS","","v7.2.0.4"
"OneFS","","v8.0.0.4"
"OneFS","","v8.1.0.0"
"OneFS","","v8.1.0.2"
"OneFS","","v8.1.2.0"
"OnTap","","8.1.1"
"OnTap","","8.1.2P1"
"OnTap","","8.1.4"
"OnTap","","8.2.2"
"OnTap","","8.2.2RC1"
"OnTap","","8.2.3P3"
"OnTap","","8.2.3P4"
"OnTap","","8.2.3P6"
"OnTap","","Data ONTAP Release 7.3.3"
"OnTap","","Data ONTAP Release 7.3.6"
"OnTap","","Data ONTAP Release 8.0.2P3"
"OnTap","","NetApp Release 7.0.1R1P2"
"OnTap","","NetApp Release 7.0.3"
"OnTap","","NetApp Release 7.0.5P7"
"OnTap","","NetApp Release 7.2.4L1"
"OnTap","","NetApp Release 7.2.5.1"
"OnTap","","NetApp Release 7.3.2P4"
"OnTap","","NetApp Release 7.3.3"
"OnTap","","NetApp Release 7.3.6P2"
"ONTAP 8.1","",""
"ONTAP 9.8P5","",""
"Oracle Linux","CentrifyDC 5.3.1-398:E:CDC","6.1:7.9"
"Oracle Linux","CentrifyDC 5.3.1-398:W:CDC","6"
"Oracle Linux","CentrifyDC 5.3.1-398:W:CDC","6.1:5.11"
"Oracle Linux","CentrifyDC 5.3.1-398:W:CDC","6.1:6.10"
"Oracle Linux","CentrifyDC 5.3.1-398:W:CDC","6.1:6.9"
"Oracle Linux","CentrifyDC 5.3.1-398:W:CDC","6.1:7.3"
"Oracle Linux","CentrifyDC 5.3.1-398:W:CDC","6.1:7.4"
"Oracle Linux","CentrifyDC 5.3.1-398:W:CDC","6.1:7.5"
"Oracle Linux","CentrifyDC 5.3.1-398:W:CDC","6.1:7.6"
"Oracle Linux","CentrifyDC 5.3.1-398:W:CDC","6.1:7.9"
"Oracle Linux Server","CentrifyDC 5.0.2-388:W:CDC","5.11"
"Oracle Linux Server","CentrifyDC 5.1.3-482:W:CDC","6"
"Oracle Linux Server","CentrifyDC 5.1.3-482:W:CDC","6.1:6.6"
"Oracle Linux Server","CentrifyDC 5.1.3-482:W:CDC","6.1:6.9"
"OracleServer","CentrifyDC 5.1.3-482:W:CDC","6.1:6.10 (n/a)"
"OracleServer","CentrifyDC 5.1.3-482:W:CDC","6.1:6.5 (n/a)"
"OracleServer","CentrifyDC 5.1.3-482:W:CDC","6.1:6.9 (n/a)"
"pc-linux-gnu","",""
"pc-linux-gnu","","10.0 (19042)"
"Red Hat Enterprise Linux","CentrifyDC 5.3.1-398:E:CDC","6.1:6.10"
"Red Hat Enterprise Linux","CentrifyDC 5.3.1-398:E:CDC","6.1:6.7"
"Red Hat Enterprise Linux","CentrifyDC 5.3.1-398:W:CDC","6.1:5.10"
"Red Hat Enterprise Linux","CentrifyDC 5.3.1-398:W:CDC","6.1:5.11"
"Red Hat Enterprise Linux","CentrifyDC 5.3.1-398:W:CDC","6.1:6.10"
"Red Hat Enterprise Linux","CentrifyDC 5.3.1-398:W:CDC","6.1:6.5"
"Red Hat Enterprise Linux","CentrifyDC 5.3.1-398:W:CDC","6.1:6.6"
"Red Hat Enterprise Linux","CentrifyDC 5.3.1-398:W:CDC","6.1:6.7"
"Red Hat Enterprise Linux","CentrifyDC 5.3.1-398:W:CDC","6.1:6.8"
"Red Hat Enterprise Linux","CentrifyDC 5.3.1-398:W:CDC","6.1:6.9"
"Red Hat Enterprise Linux","CentrifyDC 5.3.1-398:W:CDC","6.1:7.4"
"Red Hat Enterprise Linux","CentrifyDC 5.3.1-398:W:CDC","6.1:7.7"
"Red Hat Enterprise Linux","CentrifyDC 5.3.1-398:W:CDC","6.1:7.8"
"Red Hat Enterprise Linux","CentrifyDC 5.3.1-398:W:CDC","6.1:7.9"
"Red Hat Enterprise Linux Server","CentrifyDC 4.6.0-113:N:CDC","5.8 (Tikanga)"
"Red Hat Enterprise Linux Server","CentrifyDC 4.6.0-114:N:CDC","5.4 (Tikanga)"
"Red Hat Enterprise Linux Server","CentrifyDC 5.1.0-497:W:CDC","6.10 (Santiago)"
"Red Hat Enterprise Linux Server","CentrifyDC 5.1.2-378:W:CDC","6.10 (Santiago)"
"Red Hat Enterprise Linux Server","CentrifyDC 5.1.2-378:W:CDC","6.4 (Santiago)"
"Red Hat Enterprise Linux Server","CentrifyDC 5.1.3-482:E:CDC","6.1:6.10 (Santiago)"
"Red Hat Enterprise Linux Server","CentrifyDC 5.1.3-482:W:CDC","6.1:5.6 (Tikanga)"
"Red Hat Enterprise Linux Server","CentrifyDC 5.1.3-482:W:CDC","6.1:6.10 (Santiago)"
"Red Hat Enterprise Linux Server","CentrifyDC 5.1.3-482:W:CDC","6.1:6.5 (Santiago)"
"Red Hat Enterprise Linux Server","CentrifyDC 5.1.3-482:W:CDC","6.1:6.6 (Santiago)"
"Red Hat Enterprise Linux Server","CentrifyDC 5.1.3-482:W:CDC","6.1:6.7 (Santiago)"
"Red Hat Enterprise Linux Server","CentrifyDC 5.1.3-482:W:CDC","6.1:6.8 (Santiago)"
"Red Hat Enterprise Linux Server","CentrifyDC 5.1.3-482:W:CDC","6.1:6.9 (Santiago)"
"Redhat","Samba 4.10.16","7"
"Redhat","Samba 4.16.4","8"
"redhat-linux-gnu","",""
"RedHatEnterpriseServer","CentrifyDC 5.1.0-497:W:CDC","6.10 (Santiago)"
"RedHatEnterpriseServer","CentrifyDC 5.1.2-378:W:CDC","6.3 (Santiago)"
"RedHatEnterpriseServer","CentrifyDC 5.1.3-482:W:CDC","6"
"RedHatEnterpriseServer","CentrifyDC 5.1.3-482:W:CDC","6.1:5.11 (Tikanga)"
"RedHatEnterpriseServer","CentrifyDC 5.1.3-482:W:CDC","6.1:5.5 (Tikanga)"
"RedHatEnterpriseServer","CentrifyDC 5.1.3-482:W:CDC","6.1:5.6 (Tikanga)"
"RedHatEnterpriseServer","CentrifyDC 5.1.3-482:W:CDC","6.1:5.7 (Tikanga)"
"RedHatEnterpriseServer","CentrifyDC 5.1.3-482:W:CDC","6.1:5.8 (Tikanga)"
"RedHatEnterpriseServer","CentrifyDC 5.1.3-482:W:CDC","6.1:5.9 (Tikanga)"
"RedHatEnterpriseServer","CentrifyDC 5.1.3-482:W:CDC","6.1:6.4 (Santiago)"
"RedHatEnterpriseServer","CentrifyDC 5.1.3-482:W:CDC","6.1:6.5 (Santiago)"
"Samba","","3.0.14a"
"Samba","","3.0.20"
"Samba","","3.0.20b"
"Samba","","3.0.22-13.16-SUSE-SLES10"
"Samba","","3.0.3"
"Samba","","3.0.6-2.3E"
"Samba","","3.0.9-1.3E.2"
"Samba","","Samba for GuardianOS v5.0.133.200807301131"
"SLES","Likewise Open unknown.unknown.unknown","11"
"SLES","Samba 4.10.5-git.129.35f7bb6e1771.1-SUSE-SLE_12-x86_64","12.5"
"TMOS","","12.0.0"
"TMOS","","13.1.0.2"
"TMOS","","14.1.4.4"
"Ubuntu","","22.04.01"
"Ubuntu","CentrifyDC 5.1.3-482:W:CDC","6.1:10.04 (lucid)"
"Ubuntu","CentrifyDC 5.1.3-482:W:CDC","6.1:14.04 (trusty)"
"Ubuntu","CentrifyDC 5.1.3-482:W:CDC","6.1:6.06 (dapper)"
"Ubuntu","PBIS Open 9.0.525.525.b1ffc871065cb13fcdde0f60c522a80a658c607a","18.04"
"unknown","Likewise Identity 5.3.0","unknown"
"unknown","Likewise Identity 5.4.0.40134","unknown"
"unknown","Likewise Identity 5.4.0.50446","unknown"
"unknown","Likewise Identity 5.4.0.51423","unknown"
"unknown","Likewise Identity 5.4.0.60874","unknown"
"unknown","Likewise Open 6.2.0","unknown"
"unknown","Likewise Open unknown.unknown.unknown","unknown"
"unknown","PBIS Open 8.2.1.7.2.1.7.2.0","unknown"
"unknown","PBIS Open 8.2.1.7.4.1.7.4.0","unknown"
"unknown","PBIS Open 8.2.1.7.7.1.7.7.0","unknown"
"unknown","PBIS Open 8.8.506.506.ce900dbb59c6b61ae156402a44883c18a8f08cf6","unknown"
"Windows 10 Business","","10.0 (19042)"
"Windows 10 Business","","10.0 (19044)"
"Windows 10 Education","","10.0 (10586)"
"Windows 10 Education","","10.0 (17134)"
"Windows 10 Education","","10.0 (18363)"
"Windows 10 Education","","10.0 (19042)"
"Windows 10 Education","","10.0 (19043)"
"Windows 10 Education","","10.0 (19044)"
"Windows 10 Education","","10.0 (19045)"
"Windows 10 Education N","","10.0 (19044)"
"Windows 10 Enterprise","","10.0 (10240)"
"Windows 10 Enterprise","","10.0 (10586)"
"Windows 10 Enterprise","","10.0 (14393)"
"Windows 10 Enterprise","","10.0 (15063)"
"Windows 10 Enterprise","","10.0 (16299)"
"Windows 10 Enterprise","","10.0 (17134)"
"Windows 10 Enterprise","","10.0 (17763)"
"Windows 10 Enterprise","","10.0 (18362)"
"Windows 10 Enterprise","","10.0 (18363)"
"Windows 10 Enterprise","","10.0 (19041)"
"Windows 10 Enterprise","","10.0 (19042)"
"Windows 10 Enterprise","","10.0 (19043)"
"Windows 10 Enterprise","","10.0 (19044)"
"Windows 10 Enterprise","","10.0 (19045)"
"Windows 10 Enterprise 2015 LTSB","","10.0 (10240)"
"Windows 10 Enterprise 2016 LTSB","","10.0 (14393)"
"Windows 10 Enterprise Evaluation","","10.0 (19042)"
"Windows 10 Enterprise for Virtual Desktops","","10.0 (19045)"
"Windows 10 Enterprise Insider Preview","","10.0 (10130)"
"Windows 10 Enterprise Insider Preview","","10.0 (11099)"
"Windows 10 Enterprise Insider Preview","","10.0 (18936)"
"Windows 10 Enterprise Insider Preview","","10.0 (19569)"
"Windows 10 Enterprise LTSC","","10.0 (17763)"
"Windows 10 Enterprise LTSC","","10.0 (19044)"
"Windows 10 Enterprise N","","10.0 (10240)"
"Windows 10 Enterprise N","","10.0 (14393)"
"Windows 10 Enterprise N","","10.0 (15063)"
"Windows 10 Enterprise N","","10.0 (16299)"
"Windows 10 Enterprise N","","10.0 (17134)"
"Windows 10 Enterprise N","","10.0 (17763)"
"Windows 10 Enterprise N","","10.0 (19042)"
"Windows 10 Enterprise N","","10.0 (19043)"
"Windows 10 Enterprise N","","10.0 (19044)"
"Windows 10 Enterprise N","","10.0 (19045)"
"Windows 10 Enterprise Technical Preview","","10.0 (9926)"
"Windows 10 Entreprise","","10.0 (14393)"
"Windows 10 Entreprise","","10.0 (15063)"
"Windows 10 Entreprise","","10.0 (16299)"
"Windows 10 Entreprise","","10.0 (17134)"
"Windows 10 Entreprise","","10.0 (17763)"
"Windows 10 Entreprise","","10.0 (18362)"
"Windows 10 Entreprise","","10.0 (18363)"
"Windows 10 Entreprise","","10.0 (19041)"
"Windows 10 Entreprise","","10.0 (19042)"
"Windows 10 Entreprise","","10.0 (19043)"
"Windows 10 Entreprise","","10.0 (19044)"
"Windows 10 Entreprise","","10.0 (19045)"
"Windows 10 Entreprise 2016 LTSB","","10.0 (14393)"
"Windows 10 Entreprise LTSC","","10.0 (17763)"
"Windows 10 Entreprise LTSC","","10.0 (19044)"
"Windows 10 IoT Enterprise","","10.0 (18363)"
"Windows 10 IoT Enterprise","","10.0 (19044)"
"Windows 10 Pro","","10.0 (10240)"
"Windows 10 Pro","","10.0 (10586)"
"Windows 10 Pro","","10.0 (14393)"
"Windows 10 Pro","","10.0 (15063)"
"Windows 10 Pro","","10.0 (16299)"
"Windows 10 Pro","","10.0 (17134)"
"Windows 10 Pro","","10.0 (17723)"
"Windows 10 Pro","","10.0 (17763)"
"Windows 10 Pro","","10.0 (18362)"
"Windows 10 Pro","","10.0 (18363)"
"Windows 10 Pro","","10.0 (19041)"
"Windows 10 Pro","","10.0 (19042)"
"Windows 10 Pro","","10.0 (19043)"
"Windows 10 Pro","","10.0 (19044)"
"Windows 10 Pro","","10.0 (19045)"
"Windows 10 Pro (Registered Trademark)","","10.0 (14393)"
"Windows 10 Pro Education","","10.0 (17134)"
"Windows 10 Pro Education","","10.0 (19044)"
"Windows 10 Pro Education N","","10.0 (17134)"
"Windows 10 Pro for Workstations","","10.0 (16299)"
"Windows 10 Pro for Workstations","","10.0 (17134)"
"Windows 10 Pro for Workstations","","10.0 (17763)"
"Windows 10 Pro for Workstations","","10.0 (18362)"
"Windows 10 Pro for Workstations","","10.0 (18363)"
"Windows 10 Pro for Workstations","","10.0 (19041)"
"Windows 10 Pro for Workstations","","10.0 (19042)"
"Windows 10 Pro for Workstations","","10.0 (19043)"
"Windows 10 Pro for Workstations","","10.0 (19044)"
"Windows 10 Pro for Workstations","","10.0 (19045)"
"Windows 10 Pro N","","10.0 (15063)"
"Windows 10 Pro N","","10.0 (18363)"
"Windows 10 Pro N","","10.0 (19042)"
"Windows 10 Pro N","","10.0 (19043)"
"Windows 10 Pro N","","10.0 (19044)"
"Windows 10 Pro N","","10.0 (19045)"
"Windows 10 Pro N for Workstations","","10.0 (17134)"
"Windows 10 Pro N for Workstations","","10.0 (19045)"
"Windows 10 Professionnel","","10.0 (10586)"
"Windows 10 Professionnel","","10.0 (14393)"
"Windows 10 Professionnel","","10.0 (15063)"
"Windows 10 Professionnel","","10.0 (16299)"
"Windows 10 Professionnel","","10.0 (17134)"
"Windows 10 Professionnel","","10.0 (17763)"
"Windows 10 Professionnel","","10.0 (18362)"
"Windows 10 Professionnel","","10.0 (18363)"
"Windows 10 Professionnel","","10.0 (19041)"
"Windows 10 Professionnel","","10.0 (19042)"
"Windows 10 Professionnel","","10.0 (19043)"
"Windows 10 Professionnel","","10.0 (19044)"
"Windows 10 Professionnel","","10.0 (19045)"
"Windows 10 Professionnel Insider Preview","","10.0 (18956)"
"Windows 10 Professionnel N","","10.0 (17763)"
"Windows 10 Professionnel N","","10.0 (19043)"
"Windows 10 Professionnel N","","10.0 (19044)"
"Windows 10 Professionnel N","","10.0 (19045)"
"Windows 10 Professionnel pour les Stations de travail","","10.0 (18363)"
"Windows 10 Professionnel pour les Stations de travail","","10.0 (19042)"
"Windows 10 Professionnel pour les Stations de travail","","10.0 (19044)"
"Windows 10 Team","","10.0 (15063)"
"Windows 11 Enterprise","","10.0 (22000)"
"Windows 11 Enterprise","","10.0 (22621)"
"Windows 11 Enterprise","","10.0 (22622)"
"Windows 11 Enterprise","","10.0 (22623)"
"Windows 11 Enterprise Insider Preview","","10.0 (25197)"
"Windows 11 Enterprise Insider Preview","","10.0 (25276)"
"Windows 11 Entreprise","","10.0 (22000)"
"Windows 11 Pro","","10.0 (21996)"
"Windows 11 Pro","","10.0 (22000)"
"Windows 11 Pro","","10.0 (22598)"
"Windows 11 Pro","","10.0 (22621)"
"Windows 11 Pro","","10.0 (22622)"
"Windows 11 Pro for Workstations","","10.0 (22000)"
"Windows 11 Pro for Workstations","","10.0 (22621)"
"Windows 11 Pro Insider Preview","","10.0 (25158)"
"Windows 11 Pro Insider Preview","","10.0 (25201)"
"Windows 11 Pro Insider Preview","","10.0 (25227)"
"Windows 11 Professionnel","","10.0 (22000)"
"Windows 11 Professionnel","","10.0 (22621)"
"Windows 2000 Professional","","5.0 (2195)"
"Windows 2000 Professional","Service Pack 2","5.0 (2195)"
"Windows 2000 Professional","Service Pack 3","5.0 (2195)"
"Windows 2000 Professional","Service Pack 4","5.0 (2195)"
"Windows 2000 Server","Service Pack 1","5.0 (2195)"
"Windows 2000 Server","Service Pack 2","5.0 (2195)"
"Windows 2000 Server","Service Pack 3","5.0 (2195)"
"Windows 2000 Server","Service Pack 4","5.0 (2195)"
"Windows 7 Enterprise","","6.1 (7600)"
"Windows 7 Enterprise","","6.1 (7601)"
"Windows 7 Enterprise","Service Pack 1","6.1 (7601)"
"Windows 7 Enterprise","Service Pack 3","6.1 (7601)"
"Windows 7 Enterprise N","Service Pack 1","6.1 (7601)"
"Windows 7 Entreprise","Service Pack 1","6.1 (7601)"
"Windows 7 Entreprise N","Service Pack 1","6.1 (7601)"
"Windows 7 Professional","","6.1 (7600)"
"Windows 7 Professional","Service Pack 1","6.1 (7601)"
"Windows 7 Professional N","Service Pack 1","6.1 (7601)"
"Windows 7 Professionnel","","6.1 (7600)"
"Windows 7 Professionnel","Service Pack 1","6.1 (7601)"
"Windows 7 Ultimate","","6.1 (7100)"
"Windows 7 Ultimate","","6.1 (7600)"
"Windows 7 Ultimate","Service Pack 1","6.1 (7601)"
"Windows 8 Consumer Preview","","6.2 (8250)"
"Windows 8 Enterprise","","6.2 (9200)"
"Windows 8 Pro","","6.2 (9200)"
"Windows 8.1 Enterprise","","6.3 (9600)"
"Windows 8.1 Entreprise","","6.3 (9600)"
"Windows 8.1 Pro","","6.3 (9600)"
"Windows 8.1 Pro by blackman","","6.3 (9600)"
"Windows 8.1 Professionnel","","6.3 (9600)"
"Windows Embedded 8.1 Industry Pro","","6.3 (9600)"
"Windows Embedded Standard","Service Pack 1","6.1 (7601)"
"Windows NT","","4"
"Windows Server","","10.0 (14393)"
"Windows Server","","6.3 (9600)"
"Windows Server","Service Pack 1","6.1 (7601)"
"Windows Server 2003","","5.2 (3790)"
"Windows Server 2003","Dodatek Service Pack 2","5.2 (3790)"
"Windows Server 2003","Service Pack 1","5.2 (3790)"
"Windows Server 2003","Service Pack 2","5.2 (3790)"
"Windows Server 2008 R2 Datacenter","","6.1 (7600)"
"Windows Server 2008 R2 Datacenter","Service Pack 1","6.1 (7601)"
"Windows Server 2008 R2 Enterprise","","6.1 (7600)"
"Windows Server 2008 R2 Enterprise","Service Pack 1","6.1 (7601)"
"Windows Server 2008 R2 Entreprise","","6.1 (7600)"
"Windows Server 2008 R2 Entreprise","Service Pack 1","6.1 (7601)"
"Windows Server 2008 R2 Standard","","6.1 (7600)"
"Windows Server 2008 R2 Standard","Service Pack 1","6.1 (7601)"
"Windows Server 2012 Datacenter","","6.2 (9200)"
"Windows Server 2012 Datacenter Evaluation","","6.2 (9200)"
"Windows Server 2012 R2 Datacenter","","6.3 (9600)"
"Windows Server 2012 R2 Standard","","6.3 (9600)"
"Windows Server 2012 R2 Standard Evaluation","","6.3 (9600)"
"Windows Server 2012 Release Candidate Datacenter","","6.2 (8400)"
"Windows Server 2012 Standard","","6.2 (9200)"
"Windows Server 2012 Standard Evaluation","","6.2 (9200)"
"Windows Server 2016 Datacenter","","10.0 (14393)"
"Windows Server 2016 Datacenter Evaluation","","10.0 (14393)"
"Windows Server 2016 Standard","","10.0 (14393)"
"Windows Server 2016 Standard Evaluation","","10.0 (14393)"
"Windows Server 2016 Standard Technical Preview 5","","10.0 (14300)"
"Windows Server 2016 Technical Preview 4","","10.0 (10586)"
"Windows Server 2019 Datacenter","","10.0 (17763)"
"Windows Server 2019 Standard","","10.0 (17763)"
"Windows Server 2019 Standard Evaluation","","10.0 (17763)"
"Windows Server 2022 Datacenter","","10.0 (20348)"
"Windows Server 2022 Standard","","10.0 (20348)"
"Windows Server 2022 Standard Evaluation","","10.0 (20348)"
"Windows Server® 2008 Datacenter","Service Pack 2","6.0 (6002)"
"Windows Server® 2008 Datacenter","Service Pack 2","6.0 (6003)"
"Windows Server® 2008 Enterprise","Service Pack 1","6.0 (6001)"
"Windows Server® 2008 Enterprise","Service Pack 2","6.0 (6002)"
"Windows Server® 2008 Enterprise","Service Pack 2","6.0 (6003)"
"Windows Server® 2008 Enterprise without Hyper-V","Service Pack 2","6.0 (6002)"
"Windows Server® 2008 Entreprise","Service Pack 1","6.0 (6001)"
"Windows Server® 2008 Entreprise","Service Pack 2","6.0 (6002)"
"Windows Server® 2008 Standard","Service Pack 1","6.0 (6001)"
"Windows Server® 2008 Standard","Service Pack 2","6.0 (6002)"
"Windows Server® 2008 Standard","Service Pack 2","6.0 (6003)"
"Windows Server® 2008 Standard without Hyper-V","Service Pack 2","6.0 (6002)"
"Windows Small Business Server 2011 Essentials","Service Pack 1","6.1 (7601)"
"Windows Storage Server 2008 R2 Essentials","Service Pack 1","6.1 (7601)"
"Windows Storage Server 2012 R2 Standard","","6.3 (9600)"
"Windows Storage Server 2012 Standard","","6.2 (9200)"
"Windows Storage Server 2016 Standard","","10.0 (14393)"
"Windows Technical Preview for Enterprise","","6.4 (9860)"
"Windows Vista Business","",""
"Windows Vista Business","","6.0 (6000)"
"Windows Vista Business","Service Pack 1","6.0 (6001)"
"Windows Vista Business","Service Pack 2","6.0 (6002)"
"Windows Vista Ultimate","","6.0 (6000)"
"Windows Vista Ultimate","Service Pack 1","6.0 (6001)"
"Windows Web Server 2008 R2","","6.1 (7600)"
"Windows Web Server 2008 R2","Service Pack 1","6.1 (7601)"
"Windows Workstation","","10.0 (19044)"
"Windows Workstation","","6"
"Windows Workstation","","6"
"Windows Workstation","Service Pack 1","6.1 (7601)"
"Windows XP Professional","","5.1 (2600)"
"Windows XP Professional","Dodatek Service Pack 3","5.1 (2600)"
"Windows XP Professional","Service Pack 1","5.1 (2600)"
"Windows XP Professional","Service Pack 2","5.1 (2600)"
"Windows XP Professional","Service Pack 2","5.2 (3790)"
"Windows XP Professional","Service Pack 3","5.1 (2600)"
"Windows XP Tablet PC Edition","Service Pack 3","5.1 (2600)"
"Windows® Storage Server 2008 Standard","Service Pack 2","6.0 (6002)"
""